,machine_operator,machinist
machine operator,0.151313256,0.065826563
cnc machine,0.0784327,0.372097589
work ability,0.290815564,0.101149876
company benefits,0.118628566,0.077237394
style,0.035907716,0.022775424
status employment,0.081631686,0.091722393
work equipment,0.071030581,0.13753796
kelly com,0.122508362,0.053058056
lt pgt ligt,0.032146499,0.039641149
application,0.017585069,0.038953595